Workbook

Sheet Synthese-Electricite
A1: Période | B1: Solde_Import | C1: Imports | D1: Exports | E1: Conso_Brute | F1: Conso_CVC_CJO | G1: Conso_CVS | H1: DJU | I1: Indice_Rigueur | J1: Annee | K1: Mois | L1: Saison | M1: Période_chauffe | V1: DJU | W1: Conso_CVC_CJO
A2: 2022-12 | B2: 1890.73 | C2: 5629.246 | D2: 3738.515 | E2: 101402.13 | F2: 101739.33 | G2: 83658.932 | H2: 280.3 | I2: 0.976 | J2: =LEFT(A2,4)*1 -> 2022 | K2: =RIGHT(A2,2)*1 -> 12 | L2: =IF(OR(K2=12,K2<=2),"Hiver",IF(K2<=5,"Printemps",IF(K2<=8,"Été","Automne"))) -> Hiver | M2: =IF(AND(K2>=6,K2<=9),"Hors chauffe","Chauffe") -> Chauffe | V2: 280.3 | W2: 101739.33
A3: 2022-11 | B3: 1077.335 | C3: 4810.486 | D3: 3733.151 | E3: 80064.25 | F3: 82618.321 | G3: 79532.859 | H3: 144.9 | I3: 0.74 | J3: =LEFT(A3,4)*1 -> 2022 | K3: =RIGHT(A3,2)*1 -> 11 | L3: =IF(OR(K3=12,K3<=2),"Hiver",IF(K3<=5,"Printemps",IF(K3<=8,"Été","Automne"))) -> Automne | M3: =IF(AND(K3>=6,K3<=9),"Hors chauffe","Chauffe") -> Chauffe | V3: 144.9 | W3: 82618.321
A4: 2022-10 | B4: 275.665 | C4: 4114.793 | D4: 3839.128 | E4: 73237.539 | F4: 77235.451 | G4: 78871.996 | H4: 17.2 | I4: 0.232 | J4: =LEFT(A4,4)*1 -> 2022 | K4: =RIGHT(A4,2)*1 -> 10 | L4: =IF(OR(K4=12,K4<=2),"Hiver",IF(K4<=5,"Printemps",IF(K4<=8,"Été","Automne"))) -> Automne | M4: =IF(AND(K4>=6,K4<=9),"Hors chauffe","Chauffe") -> Chauffe | O4: TABLEAU DE CONTINGENCE PAR ANNEE | R4: TABLEAU DE CONTINGENCE PAR SAISON | V4: 17.2 | W4: 77235.451
A5: 2022-09 | B5: 3318.835 | C5: 5469.073 | D5: 2150.238 | E5: 68592.455 | F5: 68889.018 | G5: 79681.996 | H5: 0 | I5: 1 | J5: =LEFT(A5,4)*1 -> 2022 | K5: =RIGHT(A5,2)*1 -> 9 | L5: =IF(OR(K5=12,K5<=2),"Hiver",IF(K5<=5,"Printemps",IF(K5<=8,"Été","Automne"))) -> Automne | M5: =IF(AND(K5>=6,K5<=9),"Hors chauffe","Chauffe") -> Hors chauffe | V5: 0 | W5: 68889.018
A6: 2022-08 | B6: 3214.307 | C6: 5123.618 | D6: 1909.311 | E6: 68927.526 | F6: 67857.819 | G6: 80724.856 | H6: 0 | I6: 1 | J6: =LEFT(A6,4)*1 -> 2022 | K6: =RIGHT(A6,2)*1 -> 8 | L6: =IF(OR(K6=12,K6<=2),"Hiver",IF(K6<=5,"Printemps",IF(K6<=8,"Été","Automne"))) -> Été | M6: =IF(AND(K6>=6,K6<=9),"Hors chauffe","Chauffe") -> Hors chauffe | O6: Années | P6: Somme de Conso_CVC_CJO | R6: Saisons | S6: Moyenne de Conso_CVC_CJO | T6: Moyenne de DJU | V6: 0 | W6: 67857.819
A7: 2022-07 | B7: 3215.987 | C7: 5481.076 | D7: 2265.09 | E7: 71668.076 | F7: 71804.54 | G7: 82676.483 | H7: 0 | I7: 1 | J7: =LEFT(A7,4)*1 -> 2022 | K7: =RIGHT(A7,2)*1 -> 7 | L7: =IF(OR(K7=12,K7<=2),"Hiver",IF(K7<=5,"Printemps",IF(K7<=8,"Été","Automne"))) -> Été | M7: =IF(AND(K7>=6,K7<=9),"Hors chauffe","Chauffe") -> Hors chauffe | O7: 2006 | P7: 0 | R7: Automne | S7: 99766.046 | T7: 136.64828 | V7: 0 | W7: 71804.54
A8: 2022-06 | B8: 1063.461 | C8: 3813.163 | D8: 2749.701 | E8: 73782.824 | F8: 72673.889 | G8: 88025.517 | H8: 0 | I8: 1 | J8: =LEFT(A8,4)*1 -> 2022 | K8: =RIGHT(A8,2)*1 -> 6 | L8: =IF(OR(K8=12,K8<=2),"Hiver",IF(K8<=5,"Printemps",IF(K8<=8,"Été","Automne"))) -> Été | M8: =IF(AND(K8>=6,K8<=9),"Hors chauffe","Chauffe") -> Hors chauffe | O8: 2007 | P8: 0 | R8: Été | S8: 92233.004 | T8: #DIV/0! | V8: 0 | W8: 72673.889
A9: 2022-05 | B9: -620.846 | C9: 3083.756 | D9: 3704.602 | E9: 74686.534 | F9: 76347.869 | G9: 85006.433 | H9: 20.1 | I9: 0.429 | J9: =LEFT(A9,4)*1 -> 2022 | K9: =RIGHT(A9,2)*1 -> 5 | L9: =IF(OR(K9=12,K9<=2),"Hiver",IF(K9<=5,"Printemps",IF(K9<=8,"Été","Automne"))) -> Printemps | M9: =IF(AND(K9>=6,K9<=9),"Hors chauffe","Chauffe") -> Chauffe | O9: 2008 | P9: 0 | R9: Hiver | S9: 125834.14 | T9: 284.91087 | V9: 20.1 | W9: 76347.869
A10: 2022-04 | B10: 1086.988 | C10: 3789.507 | D10: 2702.519 | E10: 81459.791 | F10: 81476.797 | G10: 87440.564 | H10: 121 | I10: 1.031 | J10: =LEFT(A10,4)*1 -> 2022 | K10: =RIGHT(A10,2)*1 -> 4 | L10: =IF(OR(K10=12,K10<=2),"Hiver",IF(K10<=5,"Printemps",IF(K10<=8,"Été","Automne"))) -> Printemps | M10: =IF(AND(K10>=6,K10<=9),"Hors chauffe","Chauffe") -> Chauffe | O10: 2009 | P10: 0 | R10: Printemps | S10: 104259.86 | T10: 117.67609 | V10: 121 | W10: 81476.797
A11: 2022-03 | B11: 995.088 | C11: 4030.988 | D11: 3035.9 | E11: 96310.119 | F11: 98215.302 | G11: 90739.256 | H11: 173.3 | I11: 0.864 | J11: =LEFT(A11,4)*1 -> 2022 | K11: =RIGHT(A11,2)*1 -> 3 | L11: =IF(OR(K11=12,K11<=2),"Hiver",IF(K11<=5,"Printemps",IF(K11<=8,"Été","Automne"))) -> Printemps | M11: =IF(AND(K11>=6,K11<=9),"Hors chauffe","Chauffe") -> Chauffe | O11: 2010 | P11: 0 | R11: Total | S11: 105523.26 | T11: 185.8 | V11: 173.3 | W11: 98215.302
A12: 2022-02 | B12: -1844.439 | C12: 2325.285 | D12: 4169.724 | E12: 103088.95 | F12: 105420.47 | G12: 94179.117 | H12: 208.4 | I12: 0.808 | J12: =LEFT(A12,4)*1 -> 2022 | K12: =RIGHT(A12,2)*1 -> 2 | L12: =IF(OR(K12=12,K12<=2),"Hiver",IF(K12<=5,"Printemps",IF(K12<=8,"Été","Automne"))) -> Hiver | M12: =IF(AND(K12>=6,K12<=9),"Hors chauffe","Chauffe") -> Chauffe | O12: 2011 | P12: 1359615.6 | V12: 208.4 | W12: 105420.47
A13: 2022-01 | B13: 995.94 | C13: 4108.283 | D13: 3112.343 | E13: 122863.57 | F13: 122244.81 | G13: 94911.888 | H13: 321.8 | I13: 1.032 | J13: =LEFT(A13,4)*1 -> 2022 | K13: =RIGHT(A13,2)*1 -> 1 | L13: =IF(OR(K13=12,K13<=2),"Hiver",IF(K13<=5,"Printemps",IF(K13<=8,"Été","Automne"))) -> Hiver | M13: =IF(AND(K13>=6,K13<=9),"Hors chauffe","Chauffe") -> Chauffe | O13: 2012 | P13: 1322879.9 | V13: 321.8 | W13: 122244.81
A14: 2021-12 | B14: 1937.095 | C14: 4520.495 | D14: 2583.4 | E14: 112694.58 | F14: 113862.84 | G14: 95553.1 | H14: 260.3 | I14: 0.906 | J14: =LEFT(A14,4)*1 -> 2021 | K14: =RIGHT(A14,2)*1 -> 12 | L14: =IF(OR(K14=12,K14<=2),"Hiver",IF(K14<=5,"Printemps",IF(K14<=8,"Été","Automne"))) -> Hiver | M14: =IF(AND(K14>=6,K14<=9),"Hors chauffe","Chauffe") -> Chauffe | O14: 2013 | P14: 1320285.6 | V14: 260.3 | W14: 113862.84
A15: 2021-11 | B15: 799.768 | C15: 3621.99 | D15: 2822.222 | E15: 104963.78 | F15: 103338.45 | G15: 100818.7 | H15: 233.5 | I15: 1.192 | J15: =LEFT(A15,4)*1 -> 2021 | K15: =RIGHT(A15,2)*1 -> 11 | L15: =IF(OR(K15=12,K15<=2),"Hiver",IF(K15<=5,"Printemps",IF(K15<=8,"Été","Automne"))) -> Automne | M15: =IF(AND(K15>=6,K15<=9),"Hors chauffe","Chauffe") -> Chauffe | O15: 2014 | P15: 1358960.3 | V15: 233.5 | W15: 103338.45
A16: 2021-10 | B16: -4305.188 | C16: 1038.882 | D16: 5344.07 | E16: 101166.83 | F16: 100824.03 | G16: 102733.46 | H16: 81.3 | I16: 1.096 | J16: =LEFT(A16,4)*1 -> 2021 | K16: =RIGHT(A16,2)*1 -> 10 | L16: =IF(OR(K16=12,K16<=2),"Hiver",IF(K16<=5,"Printemps",IF(K16<=8,"Été","Automne"))) -> Automne | M16: =IF(AND(K16>=6,K16<=9),"Hors chauffe","Chauffe") -> Chauffe | O16: 2015 | P16: 1353111.3 | V16: 81.3 | W16: 100824.03
A17: 2021-09 | B17: -5788.223 | C17: 641.311 | D17: 6429.534 | E17: 93620.234 | F17: 93302.29 | G17: 104701.36 | H17: 0 | I17: 1 | J17: =LEFT(A17,4)*1 -> 2021 | K17: =RIGHT(A17,2)*1 -> 9 | L17: =IF(OR(K17=12,K17<=2),"Hiver",IF(K17<=5,"Printemps",IF(K17<=8,"Été","Automne"))) -> Automne | M17: =IF(AND(K17>=6,K17<=9),"Hors chauffe","Chauffe") -> Hors chauffe | O17: 2016 | P17: 1264433.2 | V17: 0 | W17: 93302.29
A18: 2021-08 | B18: -7641.946 | C18: 460.189 | D18: 8102.135 | E18: 93963.357 | F18: 94077.999 | G18: 107412.27 | H18: 0 | I18: 1 | J18: =LEFT(A18,4)*1 -> 2021 | K18: =RIGHT(A18,2)*1 -> 8 | L18: =IF(OR(K18=12,K18<=2),"Hiver",IF(K18<=5,"Printemps",IF(K18<=8,"Été","Automne"))) -> Été | M18: =IF(AND(K18>=6,K18<=9),"Hors chauffe","Chauffe") -> Hors chauffe | O18: 2017 | P18: 1254438.2 | V18: 0 | W18: 94077.999
A19: 2021-07 | B19: -7321.069 | C19: 741.902 | D19: 8062.97 | E19: 93634.792 | F19: 93748.603 | G19: 104938.93 | H19: 0 | I19: 1 | J19: =LEFT(A19,4)*1 -> 2021 | K19: =RIGHT(A19,2)*1 -> 7 | L19: =IF(OR(K19=12,K19<=2),"Hiver",IF(K19<=5,"Printemps",IF(K19<=8,"Été","Automne"))) -> Été | M19: =IF(AND(K19>=6,K19<=9),"Hors chauffe","Chauffe") -> Hors chauffe | O19: 2018 | P19: 1302240.1 | V19: 0 | W19: 93748.603
A20: 2021-06 | B20: -6851.46 | C20: 689.691 | D20: 7541.151 | E20: 90884.509 | F20: 89891.154 | G20: 105281.08 | H20: 0 | I20: 1 | J20: =LEFT(A20,4)*1 -> 2021 | K20: =RIGHT(A20,2)*1 -> 6 | L20: =IF(OR(K20=12,K20<=2),"Hiver",IF(K20<=5,"Printemps",IF(K20<=8,"Été","Automne"))) -> Été | M20: =IF(AND(K20>=6,K20<=9),"Hors chauffe","Chauffe") -> Hors chauffe | O20: 2019 | P20: 1262510.7 | V20: 0 | W20: 89891.154
A21: 2021-05 | B21: -5919.64 | C21: 1213.582 | D21: 7133.223 | E21: 94056.827 | F21: 91972.192 | G21: 100690.24 | H21: 79.2 | I21: 1.691 | J21: =LEFT(A21,4)*1 -> 2021 | K21: =RIGHT(A21,2)*1 -> 5 | L21: =IF(OR(K21=12,K21<=2),"Hiver",IF(K21<=5,"Printemps",IF(K21<=8,"Été","Automne"))) -> Printemps | M21: =IF(AND(K21>=6,K21<=9),"Hors chauffe","Chauffe") -> Chauffe | O21: 2020 | P21: 1154488.5 | V21: 79.2 | W21: 91972.192
A22: 2021-04 | B22: -1445.471 | C22: 2800.074 | D22: 4245.545 | E22: 93954.922 | F22: 92509.194 | G22: 98153.021 | H22: 167.2 | I22: 1.425 | J22: =LEFT(A22,4)*1 -> 2021 | K22: =RIGHT(A22,2)*1 -> 4 | L22: =IF(OR(K22=12,K22<=2),"Hiver",IF(K22<=5,"Printemps",IF(K22<=8,"Été","Automne"))) -> Printemps | M22: =IF(AND(K22>=6,K22<=9),"Hors chauffe","Chauffe") -> Chauffe | O22: 2021 | P22: 1215862.6 | V22: 167.2 | W22: 92509.194
A23: 2021-03 | B23: -3224.652 | C23: 2339.282 | D23: 5563.934 | E23: 108557.91 | F23: 108001.88 | G23: 99875.233 | H23: 209.3 | I23: 1.044 | J23: =LEFT(A23,4)*1 -> 2021 | K23: =RIGHT(A23,2)*1 -> 3 | L23: =IF(OR(K23=12,K23<=2),"Hiver",IF(K23<=5,"Printemps",IF(K23<=8,"Été","Automne"))) -> Printemps | M23: =IF(AND(K23>=6,K23<=9),"Hors chauffe","Chauffe") -> Chauffe | O23: 2022 | P23: 1026523.6 | V23: 209.3 | W23: 108001.88
A24: 2021-02 | B24: -3409.726 | C24: 2302.195 | D24: 5711.921 | E24: 105063.27 | F24: 107337.64 | G24: 95312.277 | H24: 210.2 | I24: 0.815 | J24: =LEFT(A24,4)*1 -> 2021 | K24: =RIGHT(A24,2)*1 -> 2 | L24: =IF(OR(K24=12,K24<=2),"Hiver",IF(K24<=5,"Printemps",IF(K24<=8,"Été","Automne"))) -> Hiver | M24: =IF(AND(K24>=6,K24<=9),"Hors chauffe","Chauffe") -> Chauffe | O24: Total | P24: 15195350 | V24: 210.2 | W24: 107337.64
A25: 2021-01 | B25: -1990.012 | C25: 3290.319 | D25: 5280.331 | E25: 128030.23 | F25: 126996.3 | G25: 99298.119 | H25: 331 | I25: 1.061 | J25: =LEFT(A25,4)*1 -> 2021 | K25: =RIGHT(A25,2)*1 -> 1 | L25: =IF(OR(K25=12,K25<=2),"Hiver",IF(K25<=5,"Printemps",IF(K25<=8,"Été","Automne"))) -> Hiver | M25: =IF(AND(K25>=6,K25<=9),"Hors chauffe","Chauffe") -> Chauffe | V25: 331 | W25: 126996.3
A26: 2020-12 | B26: -2444.321 | C26: 2523.323 | D26: 4967.644 | E26: 117708.07 | F26: 118633.63 | G26: 100883.41 | H26: 264.2 | I26: 0.92 | J26: =LEFT(A26,4)*1 -> 2020 | K26: =RIGHT(A26,2)*1 -> 12 | L26: =IF(OR(K26=12,K26<=2),"Hiver",IF(K26<=5,"Printemps",IF(K26<=8,"Été","Automne"))) -> Hiver | M26: =IF(AND(K26>=6,K26<=9),"Hors chauffe","Chauffe") -> Chauffe | V26: 264.2 | W26: 118633.63
A27: 2020-11 | B27: -4778.82 | C27: 1418.214 | D27: 6197.034 | E27: 104124.56 | F27: 106034.63 | G27: 104101.32 | H27: 153 | I27: 0.781 | J27: =LEFT(A27,4)*1 -> 2020 | K27: =RIGHT(A27,2)*1 -> 11 | L27: =IF(OR(K27=12,K27<=2),"Hiver",IF(K27<=5,"Printemps",IF(K27<=8,"Été","Automne"))) -> Automne | M27: =IF(AND(K27>=6,K27<=9),"Hors chauffe","Chauffe") -> Chauffe | O27: TABLEAU DE CONTINGENCE PAR MOIS | V27: 153 | W27: 106034.63
A28: 2020-10 | B28: -2838.676 | C28: 1858.294 | D28: 4696.97 | E28: 97778.277 | F28: 97153.659 | G28: 100752.51 | H28: 87.4 | I28: 1.178 | J28: =LEFT(A28,4)*1 -> 2020 | K28: =RIGHT(A28,2)*1 -> 10 | L28: =IF(OR(K28=12,K28<=2),"Hiver",IF(K28<=5,"Printemps",IF(K28<=8,"Été","Automne"))) -> Automne | M28: =IF(AND(K28>=6,K28<=9),"Hors chauffe","Chauffe") -> Chauffe | V28: 87.4 | W28: 97153.659
A29: 2020-09 | B29: 552.039 | C29: 3196.689 | D29: 2644.65 | E29: 77314.354 | F29: 77356.474 | G29: 89379.034 | H29: 0 | I29: 1 | J29: =LEFT(A29,4)*1 -> 2020 | K29: =RIGHT(A29,2)*1 -> 9 | L29: =IF(OR(K29=12,K29<=2),"Hiver",IF(K29<=5,"Printemps",IF(K29<=8,"Été","Automne"))) -> Automne | M29: =IF(AND(K29>=6,K29<=9),"Hors chauffe","Chauffe") -> Hors chauffe | O29: Mois | P29: Moyenne de Conso_CVC_CJO | V29: 0 | W29: 77356.474
A30: 2020-08 | B30: -1741.479 | C30: 2072.972 | D30: 3814.451 | E30: 79373.815 | F30: 78900.647 | G30: 91297.112 | H30: 0 | I30: 1 | J30: =LEFT(A30,4)*1 -> 2020 | K30: =RIGHT(A30,2)*1 -> 8 | L30: =IF(OR(K30=12,K30<=2),"Hiver",IF(K30<=5,"Printemps",IF(K30<=8,"Été","Automne"))) -> Été | M30: =IF(AND(K30>=6,K30<=9),"Hors chauffe","Chauffe") -> Hors chauffe | O30: Janvier | P30: 135177.57 | V30: 0 | W30: 78900.647
A31: 2020-07 | B31: -1300.921 | C31: 2287.017 | D31: 3587.938 | E31: 79613.834 | F31: 79794.891 | G31: 90564.532 | H31: 0 | I31: 1 | J31: =LEFT(A31,4)*1 -> 2020 | K31: =RIGHT(A31,2)*1 -> 7 | L31: =IF(OR(K31=12,K31<=2),"Hiver",IF(K31<=5,"Printemps",IF(K31<=8,"Été","Automne"))) -> Été | M31: =IF(AND(K31>=6,K31<=9),"Hors chauffe","Chauffe") -> Hors chauffe | O31: Février | P31: 118028.18 | V31: 0 | W31: 79794.891
A32: 2020-06 | B32: -3321.485 | C32: 1220.755 | D32: 4542.239 | E32: 75589.879 | F32: 75457.935 | G32: 90469.766 | H32: 0 | I32: 1 | J32: =LEFT(A32,4)*1 -> 2020 | K32: =RIGHT(A32,2)*1 -> 6 | L32: =IF(OR(K32=12,K32<=2),"Hiver",IF(K32<=5,"Printemps",IF(K32<=8,"Été","Automne"))) -> Été | M32: =IF(AND(K32>=6,K32<=9),"Hors chauffe","Chauffe") -> Hors chauffe | O32: Mars | P32: 115696.62 | V32: 0 | W32: 75457.935
A33: 2020-05 | B33: -6394.102 | C33: 555.781 | D33: 6949.883 | E33: 84323.429 | F33: 84761.683 | G33: 93020.742 | H33: 36.2 | I33: 0.773 | J33: =LEFT(A33,4)*1 -> 2020 | K33: =RIGHT(A33,2)*1 -> 5 | L33: =IF(OR(K33=12,K33<=2),"Hiver",IF(K33<=5,"Printemps",IF(K33<=8,"Été","Automne"))) -> Printemps | M33: =IF(AND(K33>=6,K33<=9),"Hors chauffe","Chauffe") -> Chauffe | O33: Avril | P33: 100687.92 | V33: 36.2 | W33: 84761.683
A34: 2020-04 | B34: -5693.375 | C34: 738.257 | D34: 6431.631 | E34: 89036.046 | F34: 91742.873 | G34: 96816.038 | H34: 58.6 | I34: 0.499 | J34: =LEFT(A34,4)*1 -> 2020 | K34: =RIGHT(A34,2)*1 -> 4 | L34: =IF(OR(K34=12,K34<=2),"Hiver",IF(K34<=5,"Printemps",IF(K34<=8,"Été","Automne"))) -> Printemps | M34: =IF(AND(K34>=6,K34<=9),"Hors chauffe","Chauffe") -> Chauffe | O34: Mai | P34: 96395.032 | V34: 58.6 | W34: 91742.873
A35: 2020-03 | B35: -5993.398 | C35: 978.975 | D35: 6972.373 | E35: 104830.06 | F35: 104942.89 | G35: 96106.156 | H35: 195 | I35: 0.972 | J35: =LEFT(A35,4)*1 -> 2020 | K35: =RIGHT(A35,2)*1 -> 3 | L35: =IF(OR(K35=12,K35<=2),"Hiver",IF(K35<=5,"Printemps",IF(K35<=8,"Été","Automne"))) -> Printemps | M35: =IF(AND(K35>=6,K35<=9),"Hors chauffe","Chauffe") -> Chauffe | O35: Juin | P35: 91147.257 | V35: 195 | W35: 104942.89
A36: 2020-02 | B36: -6751.129 | C36: 474.392 | D36: 7225.521 | E36: 112009.82 | F36: 112056.78 | G36: 100133.07 | H36: 181.1 | I36: 0.702 | J36: =LEFT(A36,4)*1 -> 2020 | K36: =RIGHT(A36,2)*1 -> 2 | L36: =IF(OR(K36=12,K36<=2),"Hiver",IF(K36<=5,"Printemps",IF(K36<=8,"Été","Automne"))) -> Hiver | M36: =IF(AND(K36>=6,K36<=9),"Hors chauffe","Chauffe") -> Chauffe | O36: Juillet | P36: 94815.572 | V36: 181.1 | W36: 112056.78
A37: 2020-01 | B37: -4517.428 | C37: 1516.862 | D37: 6034.29 | E37: 125409.8 | F37: 127652.38 | G37: 100260.79 | H37: 259.8 | I37: 0.833 | J37: =LEFT(A37,4)*1 -> 2020 | K37: =RIGHT(A37,2)*1 -> 1 | L37: =IF(OR(K37=12,K37<=2),"Hiver",IF(K37<=5,"Printemps",IF(K37<=8,"Été","Automne"))) -> Hiver | M37: =IF(AND(K37>=6,K37<=9),"Hors chauffe","Chauffe") -> Chauffe | O37: Août | P37: 90736.182 | V37: 259.8 | W37: 127652.38
A38: 2019-12 | B38: -3569.703 | C38: 2008.625 | D38: 5578.329 | E38: 115101.42 | F38: 116757.09 | G38: 98567.027 | H38: 235.4 | I38: 0.819 | J38: =LEFT(A38,4)*1 -> 2019 | K38: =RIGHT(A38,2)*1 -> 12 | L38: =IF(OR(K38=12,K38<=2),"Hiver",IF(K38<=5,"Printemps",IF(K38<=8,"Été","Automne"))) -> Hiver | M38: =IF(AND(K38>=6,K38<=9),"Hors chauffe","Chauffe") -> Chauffe | O38: Septembre | P38: 91593.673 | V38: 235.4 | W38: 116757.09
A39: 2019-11 | B39: -1388.136 | C39: 2814.769 | D39: 4202.904 | E39: 102333.25 | F39: 101727.06 | G39: 100062.81 | H39: 206.5 | I39: 1.055 | J39: =LEFT(A39,4)*1 -> 2019 | K39: =RIGHT(A39,2)*1 -> 11 | L39: =IF(OR(K39=12,K39<=2),"Hiver",IF(K39<=5,"Printemps",IF(K39<=8,"Été","Automne"))) -> Automne | M39: =IF(AND(K39>=6,K39<=9),"Hors chauffe","Chauffe") -> Chauffe | O39: Octobre | P39: 99910.3 | V39: 206.5 | W39: 101727.06
A40: 2019-10 | B40: -4282.494 | C40: 1292.912 | D40: 5575.405 | E40: 96851.237 | F40: 98557.437 | G40: 103108.01 | H40: 50.8 | I40: 0.685 | J40: =LEFT(A40,4)*1 -> 2019 | K40: =RIGHT(A40,2)*1 -> 10 | L40: =IF(OR(K40=12,K40<=2),"Hiver",IF(K40<=5,"Printemps",IF(K40<=8,"Été","Automne"))) -> Automne | M40: =IF(AND(K40>=6,K40<=9),"Hors chauffe","Chauffe") -> Chauffe | O40: Novembre | P40: 107794.16 | V40: 50.8 | W40: 98557.437
A41: 2019-09 | B41: -4894.041 | C41: 1078.312 | D41: 5972.353 | E41: 89707.16 | F41: 89656.632 | G41: 102354.88 | H41: 0 | I41: 1 | J41: =LEFT(A41,4)*1 -> 2019 | K41: =RIGHT(A41,2)*1 -> 9 | L41: =IF(OR(K41=12,K41<=2),"Hiver",IF(K41<=5,"Printemps",IF(K41<=8,"Été","Automne"))) -> Automne | M41: =IF(AND(K41>=6,K41<=9),"Hors chauffe","Chauffe") -> Hors chauffe | O41: Décembre | P41: 124296.66 | V41: 0 | W41: 89656.632
A42: 2019-08 | B42: -5576.92 | C42: 796.987 | D42: 6373.907 | E42: 90168.709 | F42: 89475.377 | G42: 102174.8 | H42: 0 | I42: 1 | J42: =LEFT(A42,4)*1 -> 2019 | K42: =RIGHT(A42,2)*1 -> 8 | L42: =IF(OR(K42=12,K42<=2),"Hiver",IF(K42<=5,"Printemps",IF(K42<=8,"Été","Automne"))) -> Été | M42: =IF(AND(K42>=6,K42<=9),"Hors chauffe","Chauffe") -> Hors chauffe | O42: Total | P42: 105523.26 | V42: 0 | W42: 89475.377
A43: 2019-07 | B43: -5623.546 | C43: 891.546 | D43: 6515.093 | E43: 95398.24 | F43: 95641.773 | G43: 106634.53 | H43: 0 | I43: 1 | J43: =LEFT(A43,4)*1 -> 2019 | K43: =RIGHT(A43,2)*1 -> 7 | L43: =IF(OR(K43=12,K43<=2),"Hiver",IF(K43<=5,"Printemps",IF(K43<=8,"Été","Automne"))) -> Été | M43: =IF(AND(K43>=6,K43<=9),"Hors chauffe","Chauffe") -> Hors chauffe | V43: 0 | W43: 95641.773
A44: 2019-06 | B44: -7126.901 | C44: 325.155 | D44: 7452.055 | E44: 93324.093 | F44: 92925.342 | G44: 107874.2 | H44: 0 | I44: 1 | J44: =LEFT(A44,4)*1 -> 2019 | K44: =RIGHT(A44,2)*1 -> 6 | L44: =IF(OR(K44=12,K44<=2),"Hiver",IF(K44<=5,"Printemps",IF(K44<=8,"Été","Automne"))) -> Été | M44: =IF(AND(K44>=6,K44<=9),"Hors chauffe","Chauffe") -> Hors chauffe | V44: 0 | W44: 92925.342
A45: 2019-05 | B45: -7473.103 | C45: 243.513 | D45: 7716.616 | E45: 102779.63 | F45: 101378.8 | G45: 109615.93 | H45: 71.7 | I45: 1.531 | J45: =LEFT(A45,4)*1 -> 2019 | K45: =RIGHT(A45,2)*1 -> 5 | L45: =IF(OR(K45=12,K45<=2),"Hiver",IF(K45<=5,"Printemps",IF(K45<=8,"Été","Automne"))) -> Printemps | M45: =IF(AND(K45>=6,K45<=9),"Hors chauffe","Chauffe") -> Chauffe | V45: 71.7 | W45: 101378.8
A46: 2019-04 | B46: -4459.443 | C46: 1052.061 | D46: 5511.504 | E46: 104711.29 | F46: 104769.13 | G46: 109389.04 | H46: 124.7 | I46: 1.063 | J46: =LEFT(A46,4)*1 -> 2019 | K46: =RIGHT(A46,2)*1 -> 4 | L46: =IF(OR(K46=12,K46<=2),"Hiver",IF(K46<=5,"Printemps",IF(K46<=8,"Été","Automne"))) -> Printemps | M46: =IF(AND(K46>=6,K46<=9),"Hors chauffe","Chauffe") -> Chauffe | V46: 124.7 | W46: 104769.13
A47: 2019-03 | B47: -6793.155 | C47: 649.618 | D47: 7442.772 | E47: 116993.12 | F47: 118562.56 | G47: 109067.95 | H47: 171.3 | I47: 0.854 | J47: =LEFT(A47,4)*1 -> 2019 | K47: =RIGHT(A47,2)*1 -> 3 | L47: =IF(OR(K47=12,K47<=2),"Hiver",IF(K47<=5,"Printemps",IF(K47<=8,"Été","Automne"))) -> Printemps | M47: =IF(AND(K47>=6,K47<=9),"Hors chauffe","Chauffe") -> Chauffe | V47: 171.3 | W47: 118562.56
A48: 2019-02 | B48: -5526.15 | C48: 961.489 | D48: 6487.639 | E48: 117336.87 | F48: 119624.96 | G48: 107841.47 | H48: 209.8 | I48: 0.814 | J48: =LEFT(A48,4)*1 -> 2019 | K48: =RIGHT(A48,2)*1 -> 2 | L48: =IF(OR(K48=12,K48<=2),"Hiver",IF(K48<=5,"Printemps",IF(K48<=8,"Été","Automne"))) -> Hiver | M48: =IF(AND(K48>=6,K48<=9),"Hors chauffe","Chauffe") -> Chauffe | V48: 209.8 | W48: 119624.96
A49: 2019-01 | B49: -1334.049 | C49: 2744.544 | D49: 4078.593 | E49: 134641.36 | F49: 133434.59 | G49: 105322.81 | H49: 338.4 | I49: 1.085 | J49: =LEFT(A49,4)*1 -> 2019 | K49: =RIGHT(A49,2)*1 -> 1 | L49: =IF(OR(K49=12,K49<=2),"Hiver",IF(K49<=5,"Printemps",IF(K49<=8,"Été","Automne"))) -> Hiver | M49: =IF(AND(K49>=6,K49<=9),"Hors chauffe","Chauffe") -> Chauffe | V49: 338.4 | W49: 133434.59
A50: 2018-12 | B50: -5243.608 | C50: 1232.186 | D50: 6475.793 | E50: 127457.56 | F50: 128804.89 | G50: 110278.42 | H50: 242.9 | I50: 0.845 | J50: =LEFT(A50,4)*1 -> 2018 | K50: =RIGHT(A50,2)*1 -> 12 | L50: =IF(OR(K50=12,K50<=2),"Hiver",IF(K50<=5,"Printemps",IF(K50<=8,"Été","Automne"))) -> Hiver | M50: =IF(AND(K50>=6,K50<=9),"Hors chauffe","Chauffe") -> Chauffe | V50: 242.9 | W50: 128804.89
A51: 2018-11 | B51: -1924.516 | C51: 2068.629 | D51: 3993.146 | E51: 109432.1 | F51: 110141.78 | G51: 108164.95 | H51: 187.1 | I51: 0.955 | J51: =LEFT(A51,4)*1 -> 2018 | K51: =RIGHT(A51,2)*1 -> 11 | L51: =IF(OR(K51=12,K51<=2),"Hiver",IF(K51<=5,"Printemps",IF(K51<=8,"Été","Automne"))) -> Automne | M51: =IF(AND(K51>=6,K51<=9),"Hors chauffe","Chauffe") -> Chauffe | V51: 187.1 | W51: 110141.78
A52: 2018-10 | B52: -4581.154 | C52: 1049.823 | D52: 5630.977 | E52: 102525.15 | F52: 103174.07 | G52: 108246.45 | H52: 76 | I52: 1.024 | J52: =LEFT(A52,4)*1 -> 2018 | K52: =RIGHT(A52,2)*1 -> 10 | L52: =IF(OR(K52=12,K52<=2),"Hiver",IF(K52<=5,"Printemps",IF(K52<=8,"Été","Automne"))) -> Automne | M52: =IF(AND(K52>=6,K52<=9),"Hors chauffe","Chauffe") -> Chauffe | V52: 76 | W52: 103174.07
A53: 2018-09 | B53: -5605.085 | C53: 704.055 | D53: 6309.139 | E53: 96436.834 | F53: 96200.369 | G53: 109831.31 | H53: 0 | I53: 1 | J53: =LEFT(A53,4)*1 -> 2018 | K53: =RIGHT(A53,2)*1 -> 9 | L53: =IF(OR(K53=12,K53<=2),"Hiver",IF(K53<=5,"Printemps",IF(K53<=8,"Été","Automne"))) -> Automne | M53: =IF(AND(K53>=6,K53<=9),"Hors chauffe","Chauffe") -> Hors chauffe | V53: 0 | W53: 96200.369
A54: 2018-08 | B54: -4356.247 | C54: 1174.754 | D54: 5531.001 | E54: 89984.106 | F54: 89685.151 | G54: 103045.84 | H54: 0 | I54: 1 | J54: =LEFT(A54,4)*1 -> 2018 | K54: =RIGHT(A54,2)*1 -> 8 | L54: =IF(OR(K54=12,K54<=2),"Hiver",IF(K54<=5,"Printemps",IF(K54<=8,"Été","Automne"))) -> Été | M54: =IF(AND(K54>=6,K54<=9),"Hors chauffe","Chauffe") -> Hors chauffe | V54: 0 | W54: 89685.151
A55: 2018-07 | B55: -6262.978 | C55: 728.226 | D55: 6991.204 | E55: 97443.007 | F55: 97487.36 | G55: 108562.61 | H55: 0 | I55: 1 | J55: =LEFT(A55,4)*1 -> 2018 | K55: =RIGHT(A55,2)*1 -> 7 | L55: =IF(OR(K55=12,K55<=2),"Hiver",IF(K55<=5,"Printemps",IF(K55<=8,"Été","Automne"))) -> Été | M55: =IF(AND(K55>=6,K55<=9),"Hors chauffe","Chauffe") -> Hors chauffe | V55: 0 | W55: 97487.36
A56: 2018-06 | B56: -7602.147 | C56: 208.992 | D56: 7811.139 | E56: 94250.132 | F56: 93112.987 | G56: 107898.71 | H56: 0 | I56: 1 | J56: =LEFT(A56,4)*1 -> 2018 | K56: =RIGHT(A56,2)*1 -> 6 | L56: =IF(OR(K56=12,K56<=2),"Hiver",IF(K56<=5,"Printemps",IF(K56<=8,"Été","Automne"))) -> Été | M56: =IF(AND(K56>=6,K56<=9),"Hors chauffe","Chauffe") -> Hors chauffe | V56: 0 | W56: 93112.987
A57: 2018-05 | B57: -8079.749 | C57: 393.475 | D57: 8473.224 | E57: 100104.53 | F57: 101143.85 | G57: 109380.99 | H57: 37.8 | I57: 0.807 | J57: =LEFT(A57,4)*1 -> 2018 | K57: =RIGHT(A57,2)*1 -> 5 | L57: =IF(OR(K57=12,K57<=2),"Hiver",IF(K57<=5,"Printemps",IF(K57<=8,"Été","Automne"))) -> Printemps | M57: =IF(AND(K57>=6,K57<=9),"Hors chauffe","Chauffe") -> Chauffe | V57: 37.8 | W57: 101143.85
A58: 2018-04 | B58: -5810.196 | C58: 647.513 | D58: 6457.708 | E58: 101975.44 | F58: 104119.66 | G58: 108635.91 | H58: 73.3 | I58: 0.625 | J58: =LEFT(A58,4)*1 -> 2018 | K58: =RIGHT(A58,2)*1 -> 4 | L58: =IF(OR(K58=12,K58<=2),"Hiver",IF(K58<=5,"Printemps",IF(K58<=8,"Été","Automne"))) -> Printemps | M58: =IF(AND(K58>=6,K58<=9),"Hors chauffe","Chauffe") -> Chauffe | V58: 73.3 | W58: 104119.66
A59: 2018-03 | B59: -3394.033 | C59: 1914.957 | D59: 5308.989 | E59: 121088.98 | F59: 119066.51 | G59: 108851.37 | H59: 234.4 | I59: 1.169 | J59: =LEFT(A59,4)*1 -> 2018 | K59: =RIGHT(A59,2)*1 -> 3 | L59: =IF(OR(K59=12,K59<=2),"Hiver",IF(K59<=5,"Printemps",IF(K59<=8,"Été","Automne"))) -> Printemps | M59: =IF(AND(K59>=6,K59<=9),"Hors chauffe","Chauffe") -> Chauffe | V59: 234.4 | W59: 119066.51
A60: 2018-02 | B60: -3128.702 | C60: 2115.676 | D60: 5244.378 | E60: 122774.9 | F60: 121378.59 | G60: 109910.86 | H60: 344.7 | I60: 1.337 | J60: =LEFT(A60,4)*1 -> 2018 | K60: =RIGHT(A60,2)*1 -> 2 | L60: =IF(OR(K60=12,K60<=2),"Hiver",IF(K60<=5,"Printemps",IF(K60<=8,"Été","Automne"))) -> Hiver | M60: =IF(AND(K60>=6,K60<=9),"Hors chauffe","Chauffe") -> Chauffe | V60: 344.7 | W60: 121378.59
A61: 2018-01 | B61: -7291.863 | C61: 590.119 | D61: 7881.983 | E61: 133777.27 | F61: 137924.9 | G61: 109489.5 | H61: 223.9 | I61: 0.718 | J61: =LEFT(A61,4)*1 -> 2018 | K61: =RIGHT(A61,2)*1 -> 1 | L61: =IF(OR(K61=12,K61<=2),"Hiver",IF(K61<=5,"Printemps",IF(K61<=8,"Été","Automne"))) -> Hiver | M61: =IF(AND(K61>=6,K61<=9),"Hors chauffe","Chauffe") -> Chauffe | V61: 223.9 | W61: 137924.9
A62: 2017-12 | B62: -939.168 | C62: 2982.316 | D62: 3921.484 | E62: 126655.32 | F62: 126402.58 | G62: 107272.2 | H62: 298.2 | I62: 1.038 | J62: =LEFT(A62,4)*1 -> 2017 | K62: =RIGHT(A62,2)*1 -> 12 | L62: =IF(OR(K62=12,K62<=2),"Hiver",IF(K62<=5,"Printemps",IF(K62<=8,"Été","Automne"))) -> Hiver | M62: =IF(AND(K62>=6,K62<=9),"Hors chauffe","Chauffe") -> Chauffe | V62: 298.2 | W62: 126402.58
A63: 2017-11 | B63: 548.251 | C63: 3651.65 | D63: 3103.4 | E63: 103916.83 | F63: 103027.71 | G63: 100665.73 | H63: 218.7 | I63: 1.117 | J63: =LEFT(A63,4)*1 -> 2017 | K63: =RIGHT(A63,2)*1 -> 11 | L63: =IF(OR(K63=12,K63<=2),"Hiver",IF(K63<=5,"Printemps",IF(K63<=8,"Été","Automne"))) -> Automne | M63: =IF(AND(K63>=6,K63<=9),"Hors chauffe","Chauffe") -> Chauffe | V63: 218.7 | W63: 103027.71
A64: 2017-10 | B64: -2422.495 | C64: 1979.086 | D64: 4401.581 | E64: 92615.294 | F64: 94094.212 | G64: 99732.566 | H64: 53 | I64: 0.714 | J64: =LEFT(A64,4)*1 -> 2017 | K64: =RIGHT(A64,2)*1 -> 10 | L64: =IF(OR(K64=12,K64<=2),"Hiver",IF(K64<=5,"Printemps",IF(K64<=8,"Été","Automne"))) -> Automne | M64: =IF(AND(K64>=6,K64<=9),"Hors chauffe","Chauffe") -> Chauffe | V64: 53 | W64: 94094.212
A65: 2017-09 | B65: -4559.397 | C65: 826.804 | D65: 5386.2 | E65: 94590.9 | F65: 94579.953 | G65: 108698.62 | H65: 0 | I65: 1 | J65: =LEFT(A65,4)*1 -> 2017 | K65: =RIGHT(A65,2)*1 -> 9 | L65: =IF(OR(K65=12,K65<=2),"Hiver",IF(K65<=5,"Printemps",IF(K65<=8,"Été","Automne"))) -> Automne | M65: =IF(AND(K65>=6,K65<=9),"Hors chauffe","Chauffe") -> Hors chauffe | V65: 0 | W65: 94579.953
A66: 2017-08 | B66: -4583.026 | C66: 1005.355 | D66: 5588.381 | E66: 92456.588 | F66: 92577.669 | G66: 106148.61 | H66: 0 | I66: 1 | J66: =LEFT(A66,4)*1 -> 2017 | K66: =RIGHT(A66,2)*1 -> 8 | L66: =IF(OR(K66=12,K66<=2),"Hiver",IF(K66<=5,"Printemps",IF(K66<=8,"Été","Automne"))) -> Été | M66: =IF(AND(K66>=6,K66<=9),"Hors chauffe","Chauffe") -> Hors chauffe | V66: 0 | W66: 92577.669
A67: 2017-07 | B67: -4580.895 | C67: 1365.907 | D67: 5946.802 | E67: 92076.452 | F67: 91963.102 | G67: 102618.92 | H67: 0 | I67: 1 | J67: =LEFT(A67,4)*1 -> 2017 | K67: =RIGHT(A67,2)*1 -> 7 | L67: =IF(OR(K67=12,K67<=2),"Hiver",IF(K67<=5,"Printemps",IF(K67<=8,"Été","Automne"))) -> Été | M67: =IF(AND(K67>=6,K67<=9),"Hors chauffe","Chauffe") -> Hors chauffe | V67: 0 | W67: 91963.102
A68: 2017-06 | B68: -3455.039 | C68: 1244.385 | D68: 4699.424 | E68: 90192.15 | F68: 89238.354 | G68: 103719.94 | H68: 0 | I68: 1 | J68: =LEFT(A68,4)*1 -> 2017 | K68: =RIGHT(A68,2)*1 -> 6 | L68: =IF(OR(K68=12,K68<=2),"Hiver",IF(K68<=5,"Printemps",IF(K68<=8,"Été","Automne"))) -> Été | M68: =IF(AND(K68>=6,K68<=9),"Hors chauffe","Chauffe") -> Hors chauffe | V68: 0 | W68: 89238.354
A69: 2017-05 | B69: -5872.107 | C69: 668.334 | D69: 6540.441 | E69: 97969.166 | F69: 98583.262 | G69: 107321.59 | H69: 42.1 | I69: 0.899 | J69: =LEFT(A69,4)*1 -> 2017 | K69: =RIGHT(A69,2)*1 -> 5 | L69: =IF(OR(K69=12,K69<=2),"Hiver",IF(K69<=5,"Printemps",IF(K69<=8,"Été","Automne"))) -> Printemps | M69: =IF(AND(K69>=6,K69<=9),"Hors chauffe","Chauffe") -> Chauffe | V69: 42.1 | W69: 98583.262
A70: 2017-04 | B70: -5389.928 | C70: 699.463 | D70: 6089.391 | E70: 102203.07 | F70: 101559.81 | G70: 106525.92 | H70: 134.1 | I70: 1.143 | J70: =LEFT(A70,4)*1 -> 2017 | K70: =RIGHT(A70,2)*1 -> 4 | L70: =IF(OR(K70=12,K70<=2),"Hiver",IF(K70<=5,"Printemps",IF(K70<=8,"Été","Automne"))) -> Printemps | M70: =IF(AND(K70>=6,K70<=9),"Hors chauffe","Chauffe") -> Chauffe | V70: 134.1 | W70: 101559.81
A71: 2017-03 | B71: -6375.781 | C71: 837.279 | D71: 7213.06 | E71: 111924.39 | F71: 115976.24 | G71: 105666.55 | H71: 142.8 | I71: 0.712 | J71: =LEFT(A71,4)*1 -> 2017 | K71: =RIGHT(A71,2)*1 -> 3 | L71: =IF(OR(K71=12,K71<=2),"Hiver",IF(K71<=5,"Printemps",IF(K71<=8,"Été","Automne"))) -> Printemps | M71: =IF(AND(K71>=6,K71<=9),"Hors chauffe","Chauffe") -> Chauffe | V71: 142.8 | W71: 115976.24
A72: 2017-02 | B72: -3541.926 | C72: 1475.366 | D72: 5017.292 | E72: 110917.04 | F72: 113502.99 | G72: 102220.01 | H72: 207.1 | I72: 0.803 | J72: =LEFT(A72,4)*1 -> 2017 | K72: =RIGHT(A72,2)*1 -> 2 | L72: =IF(OR(K72=12,K72<=2),"Hiver",IF(K72<=5,"Printemps",IF(K72<=8,"Été","Automne"))) -> Hiver | M72: =IF(AND(K72>=6,K72<=9),"Hors chauffe","Chauffe") -> Chauffe | V72: 207.1 | W72: 113502.99
A73: 2017-01 | B73: 693.502 | C73: 3651.175 | D73: 2957.673 | E73: 136479.59 | F73: 132932.36 | G73: 104258.59 | H73: 391.3 | I73: 1.254 | J73: =LEFT(A73,4)*1 -> 2017 | K73: =RIGHT(A73,2)*1 -> 1 | L73: =IF(OR(K73=12,K73<=2),"Hiver",IF(K73<=5,"Printemps",IF(K73<=8,"Été","Automne"))) -> Hiver | M73: =IF(AND(K73>=6,K73<=9),"Hors chauffe","Chauffe") -> Chauffe | V73: 391.3 | W73: 132932.36
A74: 2016-12 | B74: -84.533 | C74: 3099.026 | D74: 3183.559 | E74: 122436.84 | F74: 121746.79 | G74: 102086 | H74: 303.2 | I74: 1.055 | J74: =LEFT(A74,4)*1 -> 2016 | K74: =RIGHT(A74,2)*1 -> 12 | L74: =IF(OR(K74=12,K74<=2),"Hiver",IF(K74<=5,"Printemps",IF(K74<=8,"Été","Automne"))) -> Hiver | M74: =IF(AND(K74>=6,K74<=9),"Hors chauffe","Chauffe") -> Chauffe | V74: 303.2 | W74: 121746.79
A75: 2016-11 | B75: -644.348 | C75: 2665.649 | D75: 3309.997 | E75: 105213.96 | F75: 105120.87 | G75: 102207.58 | H75: 203.5 | I75: 1.039 | J75: =LEFT(A75,4)*1 -> 2016 | K75: =RIGHT(A75,2)*1 -> 11 | L75: =IF(OR(K75=12,K75<=2),"Hiver",IF(K75<=5,"Printemps",IF(K75<=8,"Été","Automne"))) -> Automne | M75: =IF(AND(K75>=6,K75<=9),"Hors chauffe","Chauffe") -> Chauffe | V75: 203.5 | W75: 105120.87
A76: 2016-10 | B76: -769.879 | C76: 2446.859 | D76: 3216.738 | E76: 96813.808 | F76: 94924.882 | G76: 100824.48 | H76: 104.8 | I76: 1.413 | J76: =LEFT(A76,4)*1 -> 2016 | K76: =RIGHT(A76,2)*1 -> 10 | L76: =IF(OR(K76=12,K76<=2),"Hiver",IF(K76<=5,"Printemps",IF(K76<=8,"Été","Automne"))) -> Automne | M76: =IF(AND(K76>=6,K76<=9),"Hors chauffe","Chauffe") -> Chauffe | V76: 104.8 | W76: 94924.882
A77: 2016-09 | B77: -2734.927 | C77: 1594.555 | D77: 4329.482 | E77: 87054.266 | F77: 87030.552 | G77: 101422.32 | H77: 0 | I77: 1 | J77: =LEFT(A77,4)*1 -> 2016 | K77: =RIGHT(A77,2)*1 -> 9 | L77: =IF(OR(K77=12,K77<=2),"Hiver",IF(K77<=5,"Printemps",IF(K77<=8,"Été","Automne"))) -> Automne | M77: =IF(AND(K77>=6,K77<=9),"Hors chauffe","Chauffe") -> Hors chauffe | V77: 0 | W77: 87030.552
A78: 2016-08 | B78: -3405.203 | C78: 1483.288 | D78: 4888.491 | E78: 89413.654 | F78: 89063.805 | G78: 102761.01 | H78: 0 | I78: 1 | J78: =LEFT(A78,4)*1 -> 2016 | K78: =RIGHT(A78,2)*1 -> 8 | L78: =IF(OR(K78=12,K78<=2),"Hiver",IF(K78<=5,"Printemps",IF(K78<=8,"Été","Automne"))) -> Été | M78: =IF(AND(K78>=6,K78<=9),"Hors chauffe","Chauffe") -> Hors chauffe | V78: 0 | W78: 89063.805
A79: 2016-07 | B79: -4291.312 | C79: 1041.214 | D79: 5332.527 | E79: 93515.959 | F79: 93365.252 | G79: 103445.01 | H79: 0 | I79: 1 | J79: =LEFT(A79,4)*1 -> 2016 | K79: =RIGHT(A79,2)*1 -> 7 | L79: =IF(OR(K79=12,K79<=2),"Hiver",IF(K79<=5,"Printemps",IF(K79<=8,"Été","Automne"))) -> Été | M79: =IF(AND(K79>=6,K79<=9),"Hors chauffe","Chauffe") -> Hors chauffe | V79: 0 | W79: 93365.252
A80: 2016-06 | B80: -6646.871 | C80: 369.818 | D80: 7016.689 | E80: 93933.272 | F80: 93667.934 | G80: 107893.43 | H80: 0 | I80: 1 | J80: =LEFT(A80,4)*1 -> 2016 | K80: =RIGHT(A80,2)*1 -> 6 | L80: =IF(OR(K80=12,K80<=2),"Hiver",IF(K80<=5,"Printemps",IF(K80<=8,"Été","Automne"))) -> Été | M80: =IF(AND(K80>=6,K80<=9),"Hors chauffe","Chauffe") -> Hors chauffe | V80: 0 | W80: 93667.934
A81: 2016-05 | B81: -5265.884 | C81: 815.106 | D81: 6080.989 | E81: 97698.001 | F81: 97483.325 | G81: 106904.76 | H81: 50.4 | I81: 1.076 | J81: =LEFT(A81,4)*1 -> 2016 | K81: =RIGHT(A81,2)*1 -> 5 | L81: =IF(OR(K81=12,K81<=2),"Hiver",IF(K81<=5,"Printemps",IF(K81<=8,"Été","Automne"))) -> Printemps | M81: =IF(AND(K81>=6,K81<=9),"Hors chauffe","Chauffe") -> Chauffe | V81: 50.4 | W81: 97483.325
A82: 2016-04 | B82: -3721.056 | C82: 1576.583 | D82: 5297.638 | E82: 103800.23 | F82: 102910.13 | G82: 108494.36 | H82: 143.1 | I82: 1.219 | J82: =LEFT(A82,4)*1 -> 2016 | K82: =RIGHT(A82,2)*1 -> 4 | L82: =IF(OR(K82=12,K82<=2),"Hiver",IF(K82<=5,"Printemps",IF(K82<=8,"Été","Automne"))) -> Printemps | M82: =IF(AND(K82>=6,K82<=9),"Hors chauffe","Chauffe") -> Chauffe | V82: 143.1 | W82: 102910.13
A83: 2016-03 | B83: -4245.575 | C83: 1423.542 | D83: 5669.117 | E83: 123271.71 | F83: 120861.26 | G83: 110882.89 | H83: 241.2 | I83: 1.203 | J83: =LEFT(A83,4)*1 -> 2016 | K83: =RIGHT(A83,2)*1 -> 3 | L83: =IF(OR(K83=12,K83<=2),"Hiver",IF(K83<=5,"Printemps",IF(K83<=8,"Été","Automne"))) -> Printemps | M83: =IF(AND(K83>=6,K83<=9),"Hors chauffe","Chauffe") -> Chauffe | V83: 241.2 | W83: 120861.26
A84: 2016-02 | B84: -4951.876 | C84: 1171.563 | D84: 6123.439 | E84: 123506.2 | F84: 121057.97 | G84: 109965.64 | H84: 242.7 | I84: 0.941 | J84: =LEFT(A84,4)*1 -> 2016 | K84: =RIGHT(A84,2)*1 -> 2 | L84: =IF(OR(K84=12,K84<=2),"Hiver",IF(K84<=5,"Printemps",IF(K84<=8,"Été","Automne"))) -> Hiver | M84: =IF(AND(K84>=6,K84<=9),"Hors chauffe","Chauffe") -> Chauffe | V84: 242.7 | W84: 121057.97
A85: 2016-01 | B85: -5105.276 | C85: 1483.518 | D85: 6588.794 | E85: 135454.74 | F85: 137200.48 | G85: 108402.45 | H85: 269.6 | I85: 0.864 | J85: =LEFT(A85,4)*1 -> 2016 | K85: =RIGHT(A85,2)*1 -> 1 | L85: =IF(OR(K85=12,K85<=2),"Hiver",IF(K85<=5,"Printemps",IF(K85<=8,"Été","Automne"))) -> Hiver | M85: =IF(AND(K85>=6,K85<=9),"Hors chauffe","Chauffe") -> Chauffe | V85: 269.6 | W85: 137200.48
A86: 2015-12 | B86: -6359.074 | C86: 704.267 | D86: 7063.341 | E86: 128042.17 | F86: 131878.23 | G86: 111549.23 | H86: 176.2 | I86: 0.613 | J86: =LEFT(A86,4)*1 -> 2015 | K86: =RIGHT(A86,2)*1 -> 12 | L86: =IF(OR(K86=12,K86<=2),"Hiver",IF(K86<=5,"Printemps",IF(K86<=8,"Été","Automne"))) -> Hiver | M86: =IF(AND(K86>=6,K86<=9),"Hors chauffe","Chauffe") -> Chauffe | V86: 176.2 | W86: 131878.23
A87: 2015-11 | B87: -5960.733 | C87: 838.001 | D87: 6798.734 | E87: 113844.57 | F87: 117025.65 | G87: 113464.68 | H87: 135.4 | I87: 0.691 | J87: =LEFT(A87,4)*1 -> 2015 | K87: =RIGHT(A87,2)*1 -> 11 | L87: =IF(OR(K87=12,K87<=2),"Hiver",IF(K87<=5,"Printemps",IF(K87<=8,"Été","Automne"))) -> Automne | M87: =IF(AND(K87>=6,K87<=9),"Hors chauffe","Chauffe") -> Chauffe | V87: 135.4 | W87: 117025.65
A88: 2015-10 | B88: -4904.503 | C88: 972.395 | D88: 5876.898 | E88: 110327.5 | F88: 108690.21 | G88: 114590.81 | H88: 105 | I88: 1.415 | J88: =LEFT(A88,4)*1 -> 2015 | K88: =RIGHT(A88,2)*1 -> 10 | L88: =IF(OR(K88=12,K88<=2),"Hiver",IF(K88<=5,"Printemps",IF(K88<=8,"Été","Automne"))) -> Automne | M88: =IF(AND(K88>=6,K88<=9),"Hors chauffe","Chauffe") -> Chauffe | V88: 105 | W88: 108690.21
A89: 2015-09 | B89: -5172.021 | C89: 617.501 | D89: 5789.522 | E89: 98184.476 | F89: 98332.946 | G89: 112609.51 | H89: 0 | I89: 1 | J89: =LEFT(A89,4)*1 -> 2015 | K89: =RIGHT(A89,2)*1 -> 9 | L89: =IF(OR(K89=12,K89<=2),"Hiver",IF(K89<=5,"Printemps",IF(K89<=8,"Été","Automne"))) -> Automne | M89: =IF(AND(K89>=6,K89<=9),"Hors chauffe","Chauffe") -> Hors chauffe | V89: 0 | W89: 98332.946
A90: 2015-08 | B90: -6873.127 | C90: 319.678 | D90: 7192.804 | E90: 100736.81 | F90: 100290.11 | G90: 114292.88 | H90: 0 | I90: 1 | J90: =LEFT(A90,4)*1 -> 2015 | K90: =RIGHT(A90,2)*1 -> 8 | L90: =IF(OR(K90=12,K90<=2),"Hiver",IF(K90<=5,"Printemps",IF(K90<=8,"Été","Automne"))) -> Été | M90: =IF(AND(K90>=6,K90<=9),"Hors chauffe","Chauffe") -> Hors chauffe | V90: 0 | W90: 100290.11
A91: 2015-07 | B91: -6310.976 | C91: 710.328 | D91: 7021.304 | E91: 106068.93 | F91: 106188.03 | G91: 115813.73 | H91: 0 | I91: 1 | J91: =LEFT(A91,4)*1 -> 2015 | K91: =RIGHT(A91,2)*1 -> 7 | L91: =IF(OR(K91=12,K91<=2),"Hiver",IF(K91<=5,"Printemps",IF(K91<=8,"Été","Automne"))) -> Été | M91: =IF(AND(K91>=6,K91<=9),"Hors chauffe","Chauffe") -> Hors chauffe | V91: 0 | W91: 106188.03
A92: 2015-06 | B92: -6062.101 | C92: 485.447 | D92: 6547.548 | E92: 99620.635 | F92: 99228.377 | G92: 113327.18 | H92: 0 | I92: 1 | J92: =LEFT(A92,4)*1 -> 2015 | K92: =RIGHT(A92,2)*1 -> 6 | L92: =IF(OR(K92=12,K92<=2),"Hiver",IF(K92<=5,"Printemps",IF(K92<=8,"Été","Automne"))) -> Été | M92: =IF(AND(K92>=6,K92<=9),"Hors chauffe","Chauffe") -> Hors chauffe | V92: 0 | W92: 99228.377
A93: 2015-05 | B93: -5976.246 | C93: 572.463 | D93: 6548.709 | E93: 99778.246 | F93: 99710.021 | G93: 109877.06 | H93: 43.6 | I93: 0.931 | J93: =LEFT(A93,4)*1 -> 2015 | K93: =RIGHT(A93,2)*1 -> 5 | L93: =IF(OR(K93=12,K93<=2),"Hiver",IF(K93<=5,"Printemps",IF(K93<=8,"Été","Automne"))) -> Printemps | M93: =IF(AND(K93>=6,K93<=9),"Hors chauffe","Chauffe") -> Chauffe | V93: 43.6 | W93: 99710.021
A94: 2015-04 | B94: -4119.961 | C94: 1018.973 | D94: 5138.935 | E94: 103159.42 | F94: 104238.19 | G94: 110352.87 | H94: 98.8 | I94: 0.842 | J94: =LEFT(A94,4)*1 -> 2015 | K94: =RIGHT(A94,2)*1 -> 4 | L94: =IF(OR(K94=12,K94<=2),"Hiver",IF(K94<=5,"Printemps",IF(K94<=8,"Été","Automne"))) -> Printemps | M94: =IF(AND(K94>=6,K94<=9),"Hors chauffe","Chauffe") -> Chauffe | V94: 98.8 | W94: 104238.19
A95: 2015-03 | B95: -4351.973 | C95: 803.375 | D95: 5155.348 | E95: 121706.87 | F95: 121420.84 | G95: 112017.75 | H95: 204.8 | I95: 1.021 | J95: =LEFT(A95,4)*1 -> 2015 | K95: =RIGHT(A95,2)*1 -> 3 | L95: =IF(OR(K95=12,K95<=2),"Hiver",IF(K95<=5,"Printemps",IF(K95<=8,"Été","Automne"))) -> Printemps | M95: =IF(AND(K95>=6,K95<=9),"Hors chauffe","Chauffe") -> Chauffe | V95: 204.8 | W95: 121420.84
A96: 2015-02 | B96: -3061.461 | C96: 1446.87 | D96: 4508.331 | E96: 124148.58 | F96: 124040.26 | G96: 112803.24 | H96: 299.6 | I96: 1.162 | J96: =LEFT(A96,4)*1 -> 2015 | K96: =RIGHT(A96,2)*1 -> 2 | L96: =IF(OR(K96=12,K96<=2),"Hiver",IF(K96<=5,"Printemps",IF(K96<=8,"Été","Automne"))) -> Hiver | M96: =IF(AND(K96>=6,K96<=9),"Hors chauffe","Chauffe") -> Chauffe | V96: 299.6 | W96: 124040.26
A97: 2015-01 | B97: -5183.903 | C97: 720.48 | D97: 5904.383 | E97: 142071.64 | F97: 142068.39 | G97: 113146.6 | H97: 310.6 | I97: 0.996 | J97: =LEFT(A97,4)*1 -> 2015 | K97: =RIGHT(A97,2)*1 -> 1 | L97: =IF(OR(K97=12,K97<=2),"Hiver",IF(K97<=5,"Printemps",IF(K97<=8,"Été","Automne"))) -> Hiver | M97: =IF(AND(K97>=6,K97<=9),"Hors chauffe","Chauffe") -> Chauffe | V97: 310.6 | W97: 142068.39
A98: 2014-12 | B98: -4772.429 | C98: 848.553 | D98: 5620.982 | E98: 135081.85 | F98: 135360.07 | G98: 114561.09 | H98: 287.2 | I98: 1 | J98: =LEFT(A98,4)*1 -> 2014 | K98: =RIGHT(A98,2)*1 -> 12 | L98: =IF(OR(K98=12,K98<=2),"Hiver",IF(K98<=5,"Printemps",IF(K98<=8,"Été","Automne"))) -> Hiver | M98: =IF(AND(K98>=6,K98<=9),"Hors chauffe","Chauffe") -> Chauffe | V98: 287.2 | W98: 135360.07
A99: 2014-11 | B99: -5811.516 | C99: 539.667 | D99: 6351.183 | E99: 116115.42 | F99: 118985.63 | G99: 114935.55 | H99: 136.4 | I99: 0.697 | J99: =LEFT(A99,4)*1 -> 2014 | K99: =RIGHT(A99,2)*1 -> 11 | L99: =IF(OR(K99=12,K99<=2),"Hiver",IF(K99<=5,"Printemps",IF(K99<=8,"Été","Automne"))) -> Automne | M99: =IF(AND(K99>=6,K99<=9),"Hors chauffe","Chauffe") -> Chauffe | V99: 136.4 | W99: 118985.63
A100: 2014-10 | B100: -4307.725 | C100: 664.57 | D100: 4972.295 | E100: 105578.56 | F100: 108071.08 | G100: 113759.5 | H100: 37.9 | I100: 0.511 | J100: =LEFT(A100,4)*1 -> 2014 | K100: =RIGHT(A100,2)*1 -> 10 | L100: =IF(OR(K100=12,K100<=2),"Hiver",IF(K100<=5,"Printemps",IF(K100<=8,"Été","Automne"))) -> Automne | M100: =IF(AND(K100>=6,K100<=9),"Hors chauffe","Chauffe") -> Chauffe | V100: 37.9 | W100: 108071.08
...

Sheet Stats
A1: STATS A UNE VARIABLE
A3: Indicateur | B3: Conso_CVC_CJO | C3: DJU | D3: Indice_Rigueur | E3: Solde_Import
A4: Moyenne | B4: =AVERAGE('Synthese-Electricite'!F:F) -> 105523.26 | C4: =AVERAGE('Synthese-Electricite'!H:H) -> 185.8 | D4: =AVERAGE('Synthese-Electricite'!I:I) -> 0.99777778 | E4: =AVERAGE('Synthese-Electricite'!B:B) -> -3861.4547
A5: Écart-type | B5: =_xlfn.STDEV.P('Synthese-Electricite'!F:F) -> 16392.508 | C5: =_xlfn.STDEV.P('Synthese-Electricite'!H:H) -> 102.05131 | D5: =_xlfn.STDEV.P('Synthese-Electricite'!I:I) -> 0.29305342 | E5: =_xlfn.STDEV.P('Synthese-Electricite'!B:B) -> 2394.4074
A6: Min | B6: =MIN('Synthese-Electricite'!F:F) -> 67857.819 | C6: =MIN('Synthese-Electricite'!H:H) -> 17.2 | D6: =MIN('Synthese-Electricite'!I:I) -> 0.232 | E6: =MIN('Synthese-Electricite'!B:B) -> -8166.72
A7: Max | B7: =MAX('Synthese-Electricite'!F:F) -> 142068.39 | C7: =MAX('Synthese-Electricite'!H:H) -> 415.5 | D7: =MAX('Synthese-Electricite'!I:I) -> 2.069 | E7: =MAX('Synthese-Electricite'!B:B) -> 3318.835
A8: Coef de variation | B8: =B5/B4 -> 0.15534497 | C8: =C5/C4 -> 0.54925357 | D8: =D5/D4 -> 0.2937061 | E8: =ABS(E5/E4) -> 0.62007911
A10: STATS A DEUX VARIABLES
A12: Coefficient de corrélation | B12: =CORREL('Synthese-Electricite'!F:F, 'Synthese-Electricite'!H:H) -> 0.76373052
A13: Coefficient de détermination (R²) | B13: =RSQ('Synthese-Electricite'!F:F, 'Synthese-Electricite'!H:H) -> 0.58328431
A14: Pente (a) | B14: =SLOPE('Synthese-Electricite'!F:F, 'Synthese-Electricite'!H:H) -> 117.98273
A15: Ordonnée à l'origine (b) | B15: =INTERCEPT('Synthese-Electricite'!F:F, 'Synthese-Electricite'!H:H) -> 91237.418
